user_id,is_active
155cc597-d385-4d3e-8281-3f59f9ee4e26,True
f6629e71-1af6-4bf8-9f27-6b3d39d7780e,True
8e171822-35c2-4f86-beae-f5e27a1ea29e,True
5ea70856-f917-4fa0-9aaf-0cbdd3dff49e,True
d14caa5f-cea8-4d8b-9448-31d3192ecfff,True
a79db7cb-88d0-4968-9eb8-f3fe00f352bf,True
008ffa52-3580-4bcd-b2f9-cdd255223bd4,True
d14b65f8-b27a-45cb-a83a-fb836ed56236,True
1a8bbaa6-c88f-4077-b90b-4efb5ba2fde5,True
07d9459a-5344-4b54-b456-3fa70f37891d,True
9c9b5efb-70e5-4e1c-8730-1a7413bf2357,True
7aabbea7-97f5-4e03-9a16-b721496549a3,True
5e0ab520-355a-4dad-acae-901735549614,True
d06ed5bb-17e2-4240-80ac-05cabfb1afa4,True
4ac86c4d-a0f1-4c32-8459-fa4322e01b4d,True
12a90ab7-f079-4264-b22b-5f3e0e634eee,True
2b913b4f-855e-45cb-aa67-2b91a978b054,False
e181f229-9848-4e26-adb3-a347106c390b,True
11151cf7-c87f-4624-adbb-608c4097b3a0,True
6e5b4937-eddf-4490-945f-920641c928cf,True
cc2b65dc-ec72-4e72-b1c7-83df180647b4,False
a3a92c42-ba1b-41b7-bb60-55c177e0397e,True
689ee9ff-bb2b-4751-9ec0-234c6327f939,True
18fedabf-8ff3-4a53-9c57-f44cb58805b6,True
de933ebb-3b63-40c4-ad4d-86274ac51a7a,True
f6572056-6ae7-42f5-97ea-5f13416ee903,True
97b4b847-eb18-4df2-bbdf-605cff2efc4e,True
86ffbfc1-500d-4311-8a5a-fbed8e7b3253,True
89eb6021-3158-401e-9876-fc1f109711ae,True
c40e5a7a-da9d-45b4-b6f4-997928d03049,True
f8279955-a40a-4b48-a387-e0581964381b,True
e168a803-d876-4b09-8088-7454958b7272,True
9042268c-bc90-40fa-a9c1-b04786d27295,True
17c62217-975b-40ee-91e6-046b9227c5ef,False
110a036c-c2bc-47ec-a34f-925565581bb0,True
1bbc9528-c829-4b31-93d2-44bff4c53928,True
109db2e6-ea75-4ae5-be7e-223264f2e9e4,True
926d28c0-420f-49b5-9b5e-e623b8d06756,True
81c04d75-54ed-4c75-838a-9d00aed1a657,False
a0b4a4e0-3476-4542-93f8-04a44a919bbf,True
b7805d01-bf19-4298-a2f2-43d21897b19e,True
66b42f46-5d60-4d0b-a45e-8412e10c2a22,True
4c13f1ee-0192-4b5b-b64f-0076c2c217a0,True
2aa39b6e-8fb0-4501-a9b2-06bde2bc927d,True
b620c3ea-871e-415c-8f31-d7f5970c988f,True
7e89484d-bfcf-47e2-9189-b26405ebf3fd,True
31d34e61-ff29-4b81-b082-cc89b0d4c72b,True
8eb3fb9d-7522-4600-ad29-42fe9b30bebf,True
ab6c013b-f68b-45a1-beaf-41af722d16e9,False
c410bd00-8586-4297-8136-92197f71a3c3,True
5c0cc6c8-d770-4c7b-ab1d-9d3031869c2f,True
86d5ba07-3bde-4f1e-a2fe-5c077987421c,True
e8272a5b-a0c3-469f-89b0-6eb2ba5c60d1,True
9f147cd9-f917-46bc-b2cb-3d8c3c286ce0,True
ad8bcf2e-efb6-49aa-a721-5edf1a50cef2,True
c1169b4a-30cd-4304-aba9-22e5a079684c,False
1ad0c575-1ce7-455a-84ab-0c080962d8a2,True
81b181e7-cb46-4e9d-bb68-08deaf09d416,True
7f6a4f65-aba6-47e3-9f66-d84766b464aa,True
2ac4dc06-2a97-4fd1-ba4b-12d82a66dcaf,True
7fc8728e-d4fa-4c11-8012-95ef80580783,True
1c38047c-630c-43a6-9edc-8a711dbab6cf,True
260e6dbd-2729-4fb1-837b-484d20502724,False
e227ff64-c850-400d-8836-4d5d4f68b8f8,True
0a242e93-044c-4d41-a409-9491bdd6a8f2,True
1bf47263-0939-4873-9105-77733d0795b3,True
87bb1ca8-0b66-4a93-b0e3-b1a4f7e3bebf,True
02c59b62-c552-483b-8eff-6e310e950a90,False
99b18569-b144-4eb2-bb92-1e9ad1b904af,True
d04d73ba-465f-42a1-b6df-95a017049f41,True
1ca95e7a-3a58-4a1e-a93d-d8d934305f79,True
4ffb8432-552f-4479-88d0-a78a70703df9,True
626879a3-18b6-4b08-b6c1-4faeec95e548,True
ac987568-20f7-4d46-935a-11ab2551b1a9,True
43383866-3174-4644-936a-c9f7064faeff,True
247f1b73-b7f7-4ff5-8d25-ba475a4133fb,True
138fe3b5-d5d0-4973-bc56-fa8c0d719cbc,False
11975e6e-5aa0-41fe-aed0-d32817ca02fb,True
c6afac2f-034e-4eff-9683-e659e057ddb7,True
987215aa-0e71-4bdc-8bc3-e472d28cf218,True
0f8fb029-287f-402e-8313-1188bcba3bce,True
e3aa66ec-1b1e-42dc-82ee-e7fdc4df2263,True
a77beedc-28da-492a-8e46-d96046df2dbb,True
7636e23e-0f06-4640-af4f-4ca4ecb57b6c,True
9c48fc13-7df6-4fdd-94f1-656f8b1c02ec,True
afe07b1b-2333-4f91-81de-d922054792a8,False
2583900f-41e6-489b-8f0f-15cd1c0b988d,True
8dce5529-640b-45a6-9104-f2e9058ada1d,True
4492ec7d-d915-4304-9655-0c6a9f2c93b2,True
616875f5-873f-4558-80bf-d7f64f03c56b,True
f0eda10e-6a0a-4948-b686-539cba731eeb,False
47bda5b4-2676-4a71-9f07-6a32f7f7cb91,True
73fe964d-80e1-4a26-bd79-f5cc7e3db378,True
f5f3139f-3a2a-4fa7-be89-cbfee39a2d35,True
fe6e77c8-f2cd-4ab5-9a80-130b0f309c72,True
68a51347-ce18-4bce-802d-d37fd5d98a1f,True
c5111f07-99e5-4b98-94ef-85008123f100,True
12a8f32d-458d-4331-8c63-48f24d9fdb05,True
2eccbc9d-d139-4130-b413-d60907589b61,True
680bf18d-0e39-430e-90ef-d7317b54dd0a,True
64272439-6e9e-4506-a100-38fbb96c9c14,True
65aab68a-8c7f-425b-9499-21dcf3b50b56,True
0888437e-eff6-463b-ab2b-957c778bc4d6,True
2d551235-169d-4bb0-8546-66fb54bf1d4c,True
a5725793-9dc8-4836-9010-73283df20242,True
21e3bbe6-7db2-4aff-8c5f-a22344ebf029,True
a313ab2f-0e6f-480b-ace0-cbb2fd0e2039,True
6e4cb938-6d83-4dcb-9e50-a8ed7c594d20,True
caea0f01-a545-400b-ba14-598c89f2e518,False
bdf36553-a508-4e4d-82d6-90ff52293d97,True
7fba2bb6-f649-4c52-a4aa-7a8803ff8abb,True
62855356-9128-498b-afc6-421054c6b824,True
0e6b0253-4f46-46ee-b084-c971f36485ef,True
4ce3b9c8-e929-4d57-9a2e-7948d4fdcaff,True
e886ca17-8146-4d96-85a9-26fa47227a97,True
4e8de26b-8526-4535-b157-e41d27b4de7e,True
92488731-dd99-43eb-b865-57f71437b2cc,True
25cfe33a-53de-4bf9-9630-eeeff0d8afb0,True
81f7cfb7-587b-4615-a7bf-2a92c93ad877,True
b84f9098-0c85-4c1a-86d4-3a4782b0fd94,True
90d02248-1eef-4906-bf75-46478a76d116,True
9feff21a-e597-45b4-bc04-9f0241afe22e,False
60d51e33-5cdc-4329-a446-2c80841d9d7e,True
77bd753f-ae1a-4757-917a-cb21bec03d50,True
d78c4c84-20d3-4237-9852-226456100b3e,True
6e2325e0-0d07-49da-9139-5d6a3e7bd8c8,True
2c949efb-4b2d-481a-9da5-4706441e1ca9,True
a7346cd6-45f4-4d3a-a912-9c9ca35f94be,True
6873851b-f72b-4b5c-9b92-86d398a1c6a8,True
7c315673-1354-4410-bb3a-511898c4da13,True
68a8db32-d1ef-475a-8385-76fbb9c773bd,True
33568cee-3ef3-4e0d-8760-54e265c6c358,True
2123ef79-ddf1-4562-b848-a0a175a545d6,True
c57c1cb3-40e4-4bae-9c7f-c2d2b8039dda,True
088e3d90-514c-44dc-9bc4-4db523cba676,True
16fb9730-1dfb-405d-aae9-0385205a303a,True
bb62b0eb-c6b9-47c2-ba83-45b15d1b02f1,True
247f1be2-6253-4281-ba76-a3f26ae3baa2,False
95238ca4-e6c5-40bc-ba07-0d7b70f714eb,True
7e56f3ef-dd03-40ce-ba1a-45260dc32526,True
802d5d08-822d-498a-b359-82e122864f1c,True
70bed35f-cf02-4221-961b-3a5fc45bcdef,True
deb49824-0dbf-4dbd-a562-b30327f6932d,True
6dbe37a6-09fd-457f-8a77-320f5efc6732,True
d5fa9efd-be2c-4b34-a62f-06840b72424d,True
2c9ed50b-ed2a-408e-8d29-ddd893cd54b2,True
befb1471-8c22-44e6-839a-0b7955ccdf3a,True
72391847-126d-4f37-8727-bacc67d095d6,True
f35236d3-9be2-47d8-9a2e-f433fcd0f77c,False
616626e6-3d21-41e4-b1fb-152d4a3a6323,True
fec92067-7162-4c73-b507-666512cbf054,True
c52af8cf-78b3-42e0-8ea2-583ed5796afd,True
871bfdb6-5acf-4437-88ae-e0db2084e6ef,True
3cb79306-5a0b-4ddb-b8c9-d952d493dd53,True
b2a4b1d5-8f8e-4d60-bcef-5aec05adea29,True
1dfd24a1-9301-4d13-9675-53aacfb35eb7,True
9e73839c-ec06-43a9-a4e9-0b6b8a3406de,True
c3982238-b4fe-4ca7-84d2-f2b9ed5d86e6,True
ec3a4707-6d73-4dfa-9408-db627234c150,True
16e2cd1c-3523-4381-b447-4abc6f3324b4,True
94afc116-a9a6-4d52-aeae-405dbe22b1c6,True
61c0e0ba-d024-4e0e-a2fa-08f02bee22c3,True
da66a615-148f-43f2-bd76-111d14c6f281,True
ee0e66c3-9e50-4086-b3b0-94f12871fb57,True
88c5c093-44ec-4698-afd1-1fd2a47c40ea,True
a62cd374-5e94-4647-88b8-d39cfb44a0fd,True
b37f4d6e-f8a7-4e28-abda-0bdccc3dbbfe,True
557b639c-164d-48c5-a7e7-d6b4af37c8a4,True
49c24489-48fd-46ff-8344-648a4092117c,True
a9634fa3-62ad-4448-b918-7d79d7ad02f8,True
4038a378-f659-41e8-ae8a-7f5f7fc7cb20,True
c886de33-9db5-40c3-a739-836ac1218469,True
f3447c4c-4981-4b20-a520-ad8c53ef7498,True
a9ca1dc7-11d8-4592-93f1-32af779a866b,True
7935c19d-deaa-4ac3-bb70-7315b1e24f07,True
db0702ac-1db5-4df3-b8fd-0c426a0f5ffa,False
67ef5b42-43a2-498b-b8b1-332afe019a8e,True
34bc0cbb-f952-48d5-9fd2-c370c427dfaa,True
7340ddb6-978e-43cf-af69-5c4a09550020,False
889dcbee-bb05-4b0f-8cea-f721c42453a0,True
98861c18-2f6a-45b8-922a-361bcb6e04a2,False
609c9205-807c-4fdc-b1a7-0d1276eb0a87,True
45ce0caa-dd42-4342-b54b-6b8d44a3bd1b,True
759aca04-a6ce-432c-8f53-34eaac2ebe0e,True
fd981a2c-e58d-47a6-89e9-546764e64eac,True
1a81a2bc-d21e-43ff-9bd1-37f8f4ee5fc4,False
b979e996-0e4a-408c-8e64-a6438d3dc6ad,True
2049059a-bfe3-437c-bc63-43751af5dc31,True
3524585a-a32a-46b2-bd80-c176a4c34576,True
df1d63db-ce29-4872-b3a4-27bae4a1faaf,True
3e9ea0e4-3eb2-478d-8a2e-508b82479c24,True
03492f45-d298-438a-9b58-4f758992a137,False
4b0078a5-7116-4660-bda6-7449518520af,False
631f29ee-f6b7-40e5-a668-20a992c3f495,True
2ed0fb07-2494-4d40-88b6-9bbef476113e,True
6b604abe-df95-4155-b36b-0a3ba51ad7bb,True
b237ff41-49d8-46f6-a771-39de8d7b8979,True
a36b5941-d147-4368-8450-3a3abbe86ac9,True
743ed63d-3e9a-45f3-a1ee-b51dccd6aa99,True
d425ce4c-92e3-4732-856c-2b04623929d0,True
ca76e6e7-d851-46ad-ad9c-0bb9d1ac0978,True
eedbc3b8-d3fc-4452-8834-c3c8d1deaa0c,True
481710b8-3faa-4ec3-9e1b-6b7f85e443cc,False
62ac3a7a-116e-45c3-b622-5429f7678e2a,True
0b2f5060-ac4a-4283-9800-0f474d81507b,True
a691bc7b-3698-444e-bd5e-abbe177c2725,True
6caa563a-3b1e-41d7-9105-fdc6c18b4efd,False
e96a455c-dc03-488e-89d3-cf5108e83943,False
864ac6c8-f3ef-43d8-82c3-e3bfa3d4dba7,False
a3516b41-f476-4e58-bfd2-293d51ad145b,True
75adc003-d6d4-4e59-8532-1f2093d45473,True
b1eb7bc2-0c26-4a53-9388-1ad56b7cdbfc,True
2d6cf8bc-51f4-48d9-8d1b-9a7f62695187,True
da21a058-d8cd-44c0-8131-bdc4dba3c9d0,True
1b146945-f681-438c-aa77-b80d690442b8,True
9eb71f8c-4fef-44f3-ac3c-c3913b6eef11,True
df40e64c-a0f4-4b26-8176-a9395de315eb,True
e35506d5-a990-4ae8-8315-2a3266a487ac,True
f0dd2817-649c-4bed-b6a4-184821a592b5,True
6ec4d9b7-9756-4132-8d99-883028339e1a,True
27728693-7764-47cd-b557-ad78c3f623c0,True
55df237c-d8a5-43e7-8fca-bb92339135a0,True
556911e5-abb0-4b51-9c9b-e82dfc301320,True
a91ce4b9-2748-448e-ab54-8cff9e848f3c,True
ca6a3dd1-665f-477b-803e-8212b7e974ec,False
15a1e476-c68f-4074-9d03-377faab7b1c7,True
e4459f20-ecd0-4ff4-b0a0-0631039c705e,True
6b2a7694-df8a-484b-bb09-6ee34f63f70b,True
a8c5bbe7-7984-436f-a815-6d9a232def91,False
23aee9b3-3de2-4277-87d8-6a898e9d3844,True
277e8347-8dc7-40ae-ba03-02c3754c5403,True
d9ea5972-107d-4931-af5d-218ab4fe3b95,True
bc9eaec3-37c2-4e53-af8b-b512326e9fa6,True
3bb9fc8f-e305-4169-98dd-cd73c3d3d218,True
b1c30e85-1812-47f4-8b22-b08b1aa1ce05,True
d11e1994-8a21-46c0-a161-bdede2a0fdc0,True
4d551755-6e21-4f2c-bdab-2408846b5099,False
95948f4e-198c-4e84-b30d-ebb9235ce775,True
a54251c6-6092-4e3b-8a05-6907b8ede54e,False
65626614-2ffe-4ffc-813e-f336ac312a7b,True
1413447f-4a69-4e96-9bc3-cfe53a6826ce,True
b1c74bb2-3c76-4b53-a4c2-706ac8f3174e,True
f90fb4f0-a2e0-495a-9d8b-27a51fd0c39e,True
ba5a421a-acb9-4cc9-825d-be04bc6018f7,True
9537f84d-f487-4b18-bb6b-bdfd5432c313,True
d9d04e6c-ba26-4b18-95a6-78fa7e33ed87,True
2a39cc57-9419-4592-87d3-392cd68a1fe5,True
82cc1c14-15a7-4626-995b-f8983341fa83,True
c1fbf438-537f-4df2-8e7c-9abdf753267e,True
f96c1fdc-4489-4b4f-8fe2-d986dc357522,True
45c1dc6f-d99d-49a3-b5a7-eaca07901c60,True
fd7b8fc9-77ff-4137-a912-f20102c59f72,True
a4efde88-68c5-4099-ba31-9e47e87aae0a,True
372003d6-e376-4731-8221-8b879ed802f9,True
570d764a-00e8-4094-9ad7-37075f64c21c,True
dcd9befd-4069-4c3f-b01f-7ae32fcd1678,False
eaa6a9a9-6172-4e41-8b33-b4bc21a6f032,True
9c22e575-246a-4499-8e7c-bc578bd6a6cf,True
37a0c67e-9567-4c24-aff9-8a9119f43e91,True
2ad7b333-7065-4e2b-9ea8-1ffa962ca9b0,False
9a95058b-f883-443d-97ed-d230eb3de7e9,True
2cb79214-7643-47da-b006-02707d5607ae,True
632d29b6-6f9f-46f0-bc0b-9632a74dcf44,False
76b40e62-9f65-4224-aeb8-b052c52811f4,True
d823edd5-3f9c-4d4d-a025-92d110e679d4,True
b3e69757-63a0-4c00-967f-d504a5442a95,True
2680488b-59aa-4ed7-9a74-7f8a1db3fefb,True
b90b1c34-f301-4e17-8b9f-32ec4e9466aa,False
59744d71-d8af-4d07-a47a-bf7f414c4227,False
d5877fba-e80c-4fc7-9b8c-0129312d5329,True
67979df3-ac2e-49ea-b170-6d2ea571032b,True
1f7b1ec9-78f1-44ec-9be6-199194a9623d,False
f8393641-01f6-40b3-aac7-f993147eaec5,True
f5ba50e5-3cc7-4baa-a4d2-668b4b583606,True
b299175b-ae17-47a1-8d4b-dfe09b2edb03,True
99eb3ef4-a934-4d94-96d7-7886b67feb15,True
0c6ca492-d4e6-4718-b015-d31c05088416,True
3fcd0c26-e441-46bc-b387-081be3b181d1,True
691bbf95-9a85-41d8-a2d3-91030353cd6e,True
50f3f278-22ab-41e1-9c3a-84c29192f1f3,True
e894b4d1-eff5-4605-a0aa-982c94f4774d,True
add9e0ac-cdba-48df-8524-af8f0f2ed3c5,True
1952ff33-421f-4d50-b7e4-5eb6417b0b36,False
a1083a16-04d2-41dc-af87-932718d3481e,True
c976af8c-23de-4899-bd6a-d5abb3164a74,True
32ba4d9f-4ecd-4c90-aa61-32f33625c5cf,True
59977e46-f310-4a12-ae88-f30f12efc605,True
59021d1a-d3f6-4980-b9b6-6990346b89e2,True
d75f6813-180e-4ea0-8196-bd9c0b965b72,True
8f38a511-0461-44a4-a9b1-0cf201840d96,True
fe0b1a8b-2e51-4e37-b019-8d47681e4238,True
ce2b4804-d61d-4e53-aa97-4c920f5b04ac,True
31c50833-2399-4ad7-ba95-b1ab967b9b16,True
2bc6a51b-4e54-4b30-aa23-a03ac0fc6d13,True
731a4755-d9b1-4617-8aa5-23de5d011ec0,True
7ed59f09-02c4-4407-a9e5-1b7948c20b17,True
e320c535-d43f-46f4-88f7-1f7bcc004c20,True
8a10c998-b761-4d08-9209-f865d57bba11,True
aca7c8c6-0383-4acf-877a-ce39e847a214,True
858a6dda-6d37-45df-80d8-1bd4005c63e4,True
01770e10-ed59-4345-a983-e9aaeea2a28e,True
474de4fe-3303-41d0-ac4f-2314134099f7,False
b6f5f0df-67e3-4e08-aa26-29307bfcf2e2,True
9357e5c5-8ddd-491e-9d86-444a39c99155,True
435fe64d-11d0-40eb-bcd5-dba1f03e958e,True
12672b91-9bdb-4947-b6f0-f8f8def45c48,True
342fb841-822c-499e-9c31-939b99a117f5,True
4f36f744-882f-4702-8329-b036aea1fb61,True
53bbc4a5-e798-481c-9aa2-f0c6f3fbacd7,True
be50b47b-f851-44ea-9f83-c62e990dfd6b,True
fa2604f9-9676-43eb-a35c-5d583a6504dc,True
84f4a384-6419-4773-9480-78aee77d476d,True
2a31ff3d-9b98-4d6e-982e-14365d7699bb,True
2580cbdc-8014-439d-8583-81520de61fed,True
f55508f2-5640-4d87-8224-0776eebcac41,True
b0a83269-c62d-4f83-b79a-04b32d222faa,True
4cf10463-726d-4770-ada3-46b501be75ec,True
ea2c2352-da36-4833-9636-c2e9fabd141c,True
a75e8e20-a7bc-4620-806d-478a52beb572,True
601c3700-ae0f-4b9c-b1dc-fa2f0285eb41,True
c330ec50-2226-47c8-8ef7-b52440284f9d,True
e262da69-7eb7-479e-9fca-1ab5edca93fb,True
a829f6e1-adef-4a69-a13f-4894d97cd383,True
0018b8aa-b8d1-4a8c-ae11-34e9c47571c4,True
efd279a4-3409-4f67-a4ec-d42fa3f8754f,True
fd6e7a6e-f7ba-4c67-a300-ccf529972ae7,True
a7b24b81-90b3-47e3-a932-a6a922b75224,True
4ff83d90-18d4-40ce-8fd7-422cf67af021,True
52eb51bb-1ccb-4c27-b909-1fec923ab52d,True
995fba83-3b05-4723-8d2c-48b0e9c03b8b,True
62dc2821-bc06-469d-ad01-4adf2bd00a81,True
2c049ec4-5d7a-4efa-8eca-5f35824ac349,True
d2468a6b-c3fc-409b-b0b5-b08b26569b40,True
be5c6518-0961-4d5e-89d8-2c2148512a78,True
8e5f4efe-5305-49ae-8eb9-8f8d29ffc1d2,False
3ca2dc8f-82a8-4ecc-8bc8-10f4e4f3cfd5,True
db3c22bf-9c5e-4ebd-afa3-39c97afa1b4d,True
6942e4c7-4b88-4dce-bb91-804e2fc94056,True
378f3c80-a91d-4c17-bfc6-aa17b26bdba9,True
9dec45d8-5daf-4400-8915-269f48609b89,True
f271c75a-769e-4e96-8646-da44cac730dc,True
60f9244d-1a2c-4250-8a16-4a54b776a830,False
3d395acb-35ec-4e80-8589-af4693b256f6,True
01613530-2d2f-4032-bf33-dadd23976522,True
517dcb5d-6c3c-4043-a8a8-64baa238690b,True
bf6eae0a-2012-4454-8b5e-778ffa61c64a,False
af90ca47-f016-4434-a369-189a35ef5784,False
0e7f7163-c380-44b8-88bd-47af419df46a,True
3cf99d85-0d79-4709-8913-0e90441e3613,True
9c6d2081-1f55-4771-b271-b022e7c76072,True
8729de15-68c1-485d-92c1-87edc7a19f44,True
07586fe9-b0f5-4c1f-87fb-7d9779edf3ac,True
3405a678-c00f-445a-8cbe-ff277e50e0b1,True
b15b9b44-bf6f-4731-87c9-31c08dca8d03,True
d96c6ed4-5358-4818-9140-400451e50d98,True
968e36b1-1fd6-4ea9-a089-65646fb3d312,False
dc798f10-08a8-4b11-a001-1784a1e32416,False
a6f81369-2a9e-47c5-ad04-5f7dbf558ec8,True
55cc1ea3-517e-46f2-ac62-1033101220dd,True
982c22b5-4ee6-42ec-abc3-d4fafa68bfc3,True
52998a1c-a407-4127-9f1c-7e43f1afc27b,True
4c4fcbf9-39f1-4309-a403-d27b700652ca,True
aa79c271-8fef-40a7-8faf-7a9a67b50c0c,True
8c288059-0e1b-4ad4-b13e-aaa9fe5c35db,True
f70e05fb-e9e0-4f85-95e7-6c7263f7f82d,False
36305949-6248-475e-8592-288a222b76f3,False
16ef5851-3c24-4f4f-9868-9f3adf720614,True
d17cdd53-2c89-4d82-b1df-100befd2e1dd,True
9b629379-e9ef-45d9-b540-dbf289e7b515,True
7503743d-b4d5-4391-bcac-373831561e06,True
b327f8a0-cf6b-4796-98ba-755817ad9546,True
3495f661-05f3-4eda-9579-89493ed8bd0b,True
23f5403f-1be3-4c8e-897f-b5ed184c5579,True
f0d1c42f-988a-4f4c-b7d8-21e19f5f188e,True
ebbdc332-7c0d-4c99-a80d-98649ccb4dc8,True
241216be-b671-4a56-a427-9fcf4de661b2,True
366769bc-9a29-4fbb-a398-f9dff8c2f01c,True
49b6be08-8ea6-4648-a776-7d2f1a045e57,True
e2926646-8586-4a13-a932-ececc66e9626,True
c90a03e2-7b16-40d4-b439-8dab74134b2d,True
db6caecf-3f40-499e-98cb-27f2f22c35bb,False
9f9bb81b-a187-4761-8917-83fcb12f3ddb,True
158cfea8-b861-419c-bce9-0c48eb31cef4,False
3967e88b-f952-4677-aecf-6c386580eb12,True
1db2b92e-0b62-40f1-88ac-feefd2d7a5b1,True
8eda42b0-89da-4e3f-9663-3a2d840ecc7c,True
57afc463-7137-4ba2-8eef-dabfd03a22de,True
afbef41b-0897-463b-b744-49d66e17a144,True
a2b17f03-947a-44cc-b034-94793f5ed8c5,True
153f000c-9a81-40dc-845e-01c2dabafe04,False
fa055a35-bf93-4d70-bf11-c6fc763abfe4,False
16a24559-5ad6-4852-a27a-6771b65bffa3,True
8a28748a-af21-4fee-8a0b-b6b80f77158a,True
b7c902c5-816c-448a-a922-2b5fba1df5cd,True
9f4be818-b118-4cc9-917f-f4a44ac7a3b7,True
64d22d18-e196-4a44-8256-cdf30f1741f0,True
41f52b1f-0622-4feb-9809-a1c468d8a0bf,True
8ce3b8c6-24de-4a9e-aa70-9b303b5361be,True
2f5d47e0-fe4e-4fc8-8977-94e3c499288a,True
aca83218-4807-4940-9e82-709d7d1bc748,True
0495a43a-610e-4a7a-af93-088ba6f0c2b0,True
217d6989-a262-4b9a-a7a2-18dcf9b0bcc7,True
ce730b8f-80f2-4387-89a7-743ffc25871f,True
cc2774d8-6e79-4198-84d1-a178e4cdcd1d,True
28ac6fed-4c0f-4a63-8254-c729bbb9a76a,True
fee2012d-f84d-43da-9d1e-c3086eb08237,True
ede7318c-695f-4995-8a32-cc093b099f1b,True
1bc5806c-2a70-40eb-aac3-67e710a05d2d,True
cf568756-ef29-4a56-aa47-d0a34bf2bb2a,True
2f0fb144-e8fc-4ca3-b8f1-8e99df7dcb05,True
f85c87f8-1192-42c7-b93a-18933c73e860,True
2209ef51-784d-4527-9b7e-6bc53c7c5c64,True
1b1c1f63-120d-422c-98b5-7a1ba1ea338e,False
3b9d933f-b282-4299-9e19-62835f8b0f93,True
7b9477d9-71c6-401c-be48-374018e7d0ad,True
3d13806e-be82-497c-80ed-3a52265d05e4,True
1dd46265-db20-49b6-a305-6008f1269ea6,True
d53d761d-ee61-4324-9f16-f5cc8054e12f,True
5aa0dc14-0419-4c25-b3a7-f55ce3cdfdfc,False
5ca13798-f542-4427-b971-21a8e897605d,True
f8516c6a-c8b3-4aa8-8485-b5387dda4e49,True
a02f270b-a8d8-41d5-909b-5bedc4ed54fb,True
88ce4a1c-b875-46b0-a9ea-7a2a6ded30d7,True
93497e3d-f88c-427a-adeb-62e604378ac5,True
9c579f98-3e6a-408a-8111-1a9592ca9398,True
78590a48-1f40-4484-84ea-1132fbdca8cd,True
12923643-9774-4b40-bc4e-994be820d301,True
49e564c5-64e6-4ccd-9dec-c00a91417b44,True
bbdc8261-dbf1-4d66-8528-3c6c23bc423d,True
d1b1fd01-0614-428e-a02a-fb096ec4e468,True
6e0263b2-a2de-4003-a98c-bcaa0ba962b1,True
f5f15614-4ff6-4eb7-92ba-d20eb63fec02,True
5db760ec-c78e-4e73-a1a2-ee8ab6a2dd68,True
42d429cc-25b1-4e9c-b74c-692761ff9004,True
aefaa30d-4230-4178-9678-856211fa3096,True
df462c71-a553-4f3b-ad15-8f0ca5dbd030,True
8c565cce-4d1d-49db-867c-e1ceda33adc6,False
e408ee7f-d7c9-45ae-8b59-1043250fb640,True
c9756e9b-d8d8-4c53-8300-7b2fb898efe3,True
54c3212a-88af-4826-935c-28f182e316e2,True
ac25b5fb-ec7f-4c9b-8239-76f41eff353a,False
7687d807-f967-4b56-8b55-6be7d13b9406,True
a2d7faca-7103-43de-8d17-980f0ed9704e,True
a2fe7c1b-18db-4005-8b9b-82add96d72fc,True
2e47523b-768b-4e27-a3e4-54035910c482,True
4eca7943-fba1-4327-b9e1-1f614cbfc92c,True
dc07c947-5b35-4b4e-9205-3df855a6da52,True
ab2538fb-0826-4b06-a422-75f9fb72c849,True
c68bdcab-3125-4f92-a336-a3d9523c149b,True
6531f739-ba46-4817-8321-2d86565678ae,True
51625c4c-ba60-4121-871f-298711271d41,True
fd981b0c-a2db-4c06-8ac4-246093299d92,True
7c26c296-83f8-431c-9d01-21df190b1896,True
727a2eec-0406-424d-8154-8a4a16164dd1,True
5a0d06e5-710a-48c7-9a7c-ba88fc200e31,True
5829c8c2-2423-40d2-8b0a-aac5eec0a50a,True
e51f2254-dbf6-42a6-bcf2-6929404b85c9,True
1a07851b-cf70-44f9-97ad-91d4264e82cc,True
1b340891-8ab3-46db-9d6f-c8a2d419845d,True
f9b5b6bc-63b6-400b-b6c1-2131b0ea8936,True
9b2f2e13-d612-48bd-81da-a24e4821d018,False
82fb45a0-9bf4-4a9a-a96c-1aa292496923,True
52189d00-892c-40b8-905f-9c776de99831,True
760316bf-e1d0-42a1-b82c-005f5367d140,True
f91faf06-13b6-4aef-b6bc-881d8c0cfe1d,True
4d72bede-7153-4b5b-894e-9f339e7120cb,True
f4dcb0da-15b5-4cb9-961f-11531c6f1bc1,True
4a7a7119-a78d-4f16-8b40-4de86ce59f87,True
7e45a598-d669-4d65-9130-fb462cd2797a,False
54ecbd53-3274-41af-98a6-d8a8c3218696,False
09369231-0147-450b-8b0c-61e7764e3ac1,True
15bad652-c0b6-418a-8ac6-a299ac619a3c,True
78ac37df-59cd-429d-9a84-b11becb0be75,True
58faee8d-90a1-4262-9f84-b641ea33f78b,True
27d35eac-9e48-4770-8115-b42148d79495,True
828d706e-25be-41a0-b8dd-a1ec26b9ce1e,False
c71e66fa-a121-4f6d-99a3-cf6ccc258006,True
3fecb846-1354-4f82-b8da-c407bdd9fc45,True
11644f39-5749-4f0e-8f1a-dd6ba492dee2,True
d8628326-b2e7-4092-b897-0751d0c98d61,True
40ae5ccc-a25f-451b-a005-5bd58c2dc9bb,True
e0f133cf-f9d4-499d-8a93-43381d5b90c0,True
358b4d3d-6e54-44c3-9e6c-fefef7a14a06,True
d27854de-8bff-4f4e-8f35-264bce0dab95,True
caebbc4e-2147-4d0a-9704-bc8683269b52,True
c2b7f3d9-cecc-4b1f-984c-4d54aaf67dd9,True
c6a6b6d4-6f95-49d0-91d2-477b227b623a,True
48cfcd40-acfc-4887-8d7f-c1d34ca9703d,True
036902b3-d3fb-4ea3-9c40-493ea92951ed,True
ddc593d9-54bb-462a-9ec9-43f33f82da82,True
a7e95159-9806-4dff-99e2-332e92bdf9a6,True
fa9c800e-2a99-4173-9991-50448ca0e77c,True
57b3cca4-f572-4102-84dd-b78bde44af0c,True
8ecd7563-7f4f-454a-bb83-24c6e97e93f1,True
178897e7-1b9d-4bb8-afd6-bd8bb8a73b73,True
ac4a7e42-1bb4-4cce-aad6-fd820b7415e4,True
56a474d1-1fa6-4383-aa14-cb920c65277d,True
40ff7305-9589-4474-8477-4c0ea9caaf0b,True
273b53a0-54e0-4a07-ba76-aee9cd406d47,True
632f78c4-f95e-4508-94bb-0f4057e8215f,False
e0c93352-2416-4ca4-bf7f-ec385bb85658,True
3513e538-4231-49b0-8f86-391182951a46,True
d4c80c12-d7d4-4f87-b2b6-a5900ff4a087,True
3c3335ac-b37a-4cbe-ad16-249be58702d9,True
a2574faa-00aa-48e3-a0bd-c382c20d5002,True
28217dc1-748f-4b21-ac81-a63d5bb0f411,True
e90047cf-3321-4f66-beb0-16fd5c1bc323,True
2095fea2-9fef-4cc5-a474-34db847b7793,True
9df7987a-fded-4910-9831-73c94706c442,True
f6d92aae-823a-423d-9dd5-9283f6cfcbdc,True
76c5caf5-f67f-4123-9283-0256086e05e2,True
9746e473-dd39-4ebe-85db-bf38c9018d76,True
b155151d-46eb-4398-8081-dbdd8eccd48c,True
58ab84fa-2e68-4e1f-9ba4-4a5a509bfa74,True
55d40e37-7253-456b-b83d-a073c1ca3e25,True
3f5aa0c8-a106-4eb7-a5db-fab91247ca4f,True
ee464dfe-64e0-4dfe-9848-2bdbefa70fd1,True
18ffa3d6-b157-4539-9dbd-16b41a50dcdd,True
0c26ff50-4f5a-49a6-83e3-9fdaec74b608,True
de03fee8-2f82-49f3-a3ae-f44e03ae91b3,False
5f601653-b6f2-4270-874e-7bfd1061b8c6,True
153eeb30-9f12-4ba4-8846-f95651d8a540,True
37f143d4-cdf0-4936-8442-083876abd391,True
6078894b-7c3a-4b4f-9473-9a8d25846753,True
46ea5ef2-3a78-421b-a22b-4ba0e315b904,True
70d62da8-d37b-40c7-886b-7a9e9544cf8b,True
731e8403-9ade-4762-bc9f-95c80fe5875e,True
27a15940-ffd1-4356-8ee5-e1ce4c8bfbce,True
26560c35-8fce-40d2-9c9d-8f50eadb1758,True
45ea8127-861e-4445-8d74-d680a9975690,True
2532f779-8bec-4ebc-94db-51d30c63fa0f,True
cc02aacf-cb04-4b62-b282-5c57ba5da183,True
0dbd76a3-6014-4886-8a04-c3fd9a4fcb5c,False
44c3cfe0-f687-492e-98cc-67a56851a18b,True
c67fcbda-6c40-409c-970b-4787d8258cf4,True
b5dfa876-bf24-45a9-a628-26f6d0131d52,False
1a2f6bfa-a1e9-4fc7-b404-e24859babe61,True
31a3c157-b32e-424b-8de1-8e39abab61bb,True
3f15a7dc-b661-4412-9ee8-ea77ccd529b9,True
d28176b0-519b-40c7-bf4a-afe0477da8fc,False
28904b25-2d45-41da-8d50-de3d3fa1fe2e,True
e9d7afcf-cd8b-42ae-a63a-f6f7cdad3f59,False
cc15f169-a9bd-4d85-ba67-f0a0d7efeb6e,True
19d0dab0-f28d-48f8-8e46-a2cff49a89ac,True
3daa894b-b28d-435b-821a-83e53261f273,True
d403d94c-98cc-418a-9932-7e8bfd7c8721,True
371a39e1-d374-438a-80d3-c1392a72c07d,True
1250143e-ff99-4987-a93e-4555d0a9ea7f,True
2b82eb17-ad77-429f-95c2-765e47b23196,True
20443405-d538-4a98-9aa4-281f6ec532ca,True
d51f86b9-ccd2-457c-a848-a00ed4732fea,True
44451f78-d263-4ede-a2e9-4c4c2b17178a,False
7b5ef3d5-c12c-405e-b761-f0f8851166a1,True
f0b0eb93-82c2-4f52-82d2-1e94dfa1b643,True
19dc8c57-8064-40dc-9463-ba70951c420b,True
c0760af6-a70e-481a-8ff2-0f898e4bfc6b,True
cf97f7e4-528b-4334-a376-4eabf031c663,True
fc1c5c78-bbc0-4d2e-8017-0b005af68a18,True
7d50aa40-aa11-43bd-9b2c-2bf531fbf7c9,True
43b7b5e0-abec-41e6-bbd4-6258f7bb08f9,True
083429e2-cf80-4d58-9c47-53d09392319d,False
ad793299-0df9-43cf-acc5-af4d6ad7bebf,True
3474b819-dcaa-4ca2-93d5-23711b6d1f86,True
d6c8f01b-1f13-4308-8b2a-9a15676a2695,True
efa6aa62-d638-4e79-af32-57761d550676,True
c8e61519-0155-456b-bd8b-64312bdc46c8,True
421ba8d4-8b02-4d16-bb75-6f1923f1e71d,True
124099e0-3227-4354-b01e-1c0eba172108,True
478b7e96-204c-4738-a344-014bc26dd380,True
c0a5de58-794a-45db-acdc-5f1da989dbb8,True
05da304c-4672-4c95-96e2-befb71746353,True
1564995a-2ddf-4051-b9e3-6243e9a4f20d,True
6dca9804-3373-4906-8127-3105078dce8e,True
c6b1f49c-df46-4c24-9be2-1a4e4023ce60,False
eb118a57-c3a2-4bf2-ae68-5c558c96465c,True
a20a591a-2212-4174-9327-bffad6a45bef,True
03fa5bdc-9db3-4217-8194-5be643bbaab9,True
a561372a-98b2-4107-8aa7-b11aa26b3a12,True
7b2ed76a-9efc-473d-a53f-a4e83c5f0430,True
c841d430-969d-4f16-8d57-5ba9566ac07f,True
6c55132e-a8b0-4d8c-bbdf-cba0a59712f2,True
7993f807-a99b-4a35-9edb-a30d2cefde26,True
9d39466a-c131-4220-abaa-47a538f797f6,True
39d78eb6-a45f-4cee-b079-012879b03570,True
698b3e0e-7931-48ec-b364-33000d6832fa,True
b0762c08-991c-4723-9b6e-2458a3cdd4b4,False
306da1b7-235c-4950-873f-3bbd99eb6bf7,True
e175bcb5-9977-4134-8af0-b2dd8afe14af,True
68a22005-f6ef-40d9-a0aa-4aaaad49028e,True
66a422f6-c3c0-4d10-9eab-438ea09119e9,True
fe298607-67f9-42d9-bcfe-816ce67d113a,True
6cb3ae31-0451-4ddc-80f4-e55aea277eb4,True
38a81d99-c799-451d-a496-f6e523302ecc,True
6553ac43-686a-49b0-b856-ddc8d501c6f1,True
19ed1f1b-5de0-467e-ad42-077a11e27907,True
d7c51f43-5158-4976-a885-ebff06d7d0b0,True
f65f714a-ed4d-40a4-abd8-346158e55060,True
b54514f2-4ecd-4ed4-bcfa-59be188c98fd,True
fdb5b6f6-5f72-40f6-ac67-c83bacb09fda,True
137f7226-6164-4811-a554-95bbab5fe50e,True
c006f8cc-41e6-4ac1-a2c0-400aa3ad74cf,True
814eb746-ad78-410c-8e24-c9927f421098,True
f5c70611-f901-4e5a-b3bc-6637a15f82d7,True
17d3c011-0470-46ea-8ae2-863796b4a970,True
68c41a7c-2a7f-4fe8-9405-70bb2f826e1a,True
4b69489f-3fc4-4c83-92c7-c30c23d337d6,True
f9a1a537-e52d-485d-95d6-736cdec21ae1,True
b6eda239-04e8-4998-a8a4-e7bf1c96beb0,True
cd67c7f6-b59c-443c-977f-9a05b38bec9f,True
042bd1d1-25c2-47c6-9b36-9f33f1554934,True
e309a791-fb38-4f2c-9ea0-cb6359e7876b,True
296589e8-0319-44c4-830a-a4d1644d441b,True
6352c50f-d7e2-48d9-ac4e-d5d26347d6cc,True
efdee7f3-caf7-4079-94eb-3777b3976b2e,True
4ad620a8-95f4-4110-99af-5e376f073520,True
f3b6d33b-5287-45a3-8200-1a7cf23591a8,True
1d696ff1-7cb1-4352-a491-02afcc97ca0b,True
3bf58d11-c053-49f7-ab6f-f6e273557299,True
81042263-27f6-4e82-a2fe-376d309b8d34,False
abff392b-e285-4c28-9076-2b01dca57ec8,True
90691ca8-ce74-42de-8707-4c4292de9083,True
55113687-be79-420f-bcd5-28de42280a2e,True
d887c724-6984-40af-9576-c276d4ff2a7b,False
ed361810-6b22-4894-9450-bcabee911e7e,True
316e6d27-2ac6-4aec-9c26-26521635e5bc,True
20eb40dd-fe45-4f0e-87cd-0357079fb739,True
3d89d0b9-32bd-4097-bace-adce2b2316cf,True
79ae3db2-eb50-4704-adcf-54a297c7ad7d,True
18ddc94f-a180-4897-8a52-a0c269108132,True
809a6060-a539-4350-849d-2cb590ee8e42,True
7c1fc39f-320d-4ef1-84d0-043ef53733f6,True
b18db4aa-c57e-45e0-b372-c72a7b1b527c,True
4501dd51-1d65-4dc6-bb1a-8442ec97fd70,True
eedbb940-5da6-4d51-8231-0cf13d628e5f,True
6d1c04a4-8d77-4e8e-94c6-c0fb6733c77d,True
a2aaddec-9fa7-43bd-ada3-4020ef6314e3,True
333fad51-5031-47e9-b97e-2e5eae30dc98,True
c3627aac-3a34-47d7-954e-f6b4c676b673,True
3ed12df3-517a-4b23-9e0f-0f2c2200dea2,True
d6258d03-af7b-48ec-b077-2a827ad1f197,True
452a6321-2e2b-4200-843a-2acb01a256aa,False
89422da8-7871-4dba-9f5d-aedd3b2fd13a,True
60e0b06f-f65a-4e88-9c48-577c9a604a39,True
87e451ec-c746-4fdf-9593-27397752c0ec,True
d7d26d83-2b4f-4495-98fb-b5d57c46da95,False
15afe746-3c97-45e9-8d75-5c12bd75f5d0,True
e21b0f4f-c098-4a85-afdb-c4bd2fb2a8db,True
dd2744e6-3322-4817-9eb7-1bf60ab17419,False
5a5188c8-fcc3-466f-8095-b0fdfcca8085,False
b621ef07-a5ea-4b67-9912-f8120cb11c7c,True
621087ad-30ee-4b9e-90a7-18a2b0c9c8b9,True
9123703e-b178-4f95-aac7-39b597fe33de,True
f782657a-c1f1-438a-a86b-da2b40bb7b54,True
952494bd-b528-451e-bc4b-0eed81ebece4,True
0d11c904-20d1-47a2-8cab-c3e8017f33c5,False
63c320c9-1b3a-4371-8b2d-f49f3560613e,True
ce8925ad-c7c9-4b27-9670-6edf5cb75d8f,True
af819b0f-4d53-49fc-8423-c6e05d588ca0,True
7692c11a-6378-4f8c-9f2b-e2ec1e432e96,True
c9afeaa6-a9e0-4ab4-a913-2a66998a0219,True
bccda32b-ffdf-4728-bb55-ce395af64c65,True
8c3500a8-10ba-4d60-9279-484a952f9c83,True
fdd43d9a-d168-4eba-905a-92c992b0f215,True
12f16019-1f3d-4b90-98e6-e7e117acb36f,True
4ce3797f-470f-4b23-9057-5df21a21ba6f,True
5c98135a-2b17-42db-b335-13a47a6c86ae,True
42b21866-98c2-40bf-a7fe-6b9e996d847f,True
49f634d4-85dc-450e-9423-4b4a54aaa86a,True
0970425b-3e80-486a-90d7-263f707cc735,True
3f2719bc-f0db-44f1-97b1-343595856966,True
3c67c16a-0cce-40cf-ae18-94c8bb996b7d,True
36165230-2803-4742-a0b3-a6ff2617e0e9,True
8713a8df-602d-445f-8e4d-c48e039de375,True
339095eb-4c38-4404-bc4a-22ae31c9951a,True
23e6cc0c-71e5-42fc-bff6-fa6c4ab1f67f,True
a7f03977-a51f-4343-882d-430fdc565a6f,True
8e35ab4f-6051-45e4-bf70-c31bb818fd5a,True
119de0c2-7af6-420a-b7f7-ce1f77b5b6ee,True
a097471d-77ad-4875-986b-cc741f8c4729,True
59542ea8-a45d-408b-963a-3b553541e4e7,True
9e76cb97-d4ae-4545-88bb-4a20b9fb3d46,True
22f13059-1b84-4c9f-9480-ab059f48662d,True
492344cf-37a0-467c-a064-ce14faa5a591,True
f0d73039-37b0-43d1-921d-34cbf142370e,False
9e655a60-dc34-41b8-8677-e497f502176e,True
cba5d29f-3807-4da7-adb6-c562004e949e,True
54d159c2-d1b1-4a2a-8141-9778efd6b17c,True
e551bb5b-1c8a-4750-bdbd-b017d75ac9e4,True
3bdef0db-c81e-4aec-8bf1-3b3bd5e743d9,True
9fccd5dc-14b0-4e62-9bf7-5296968fb8a6,True
ecf8eff2-4e21-4e2e-a73f-86d342067a50,True
fee3ffec-5a67-4db8-8b61-05350680bdb8,True
5ee9952d-961f-4dee-a50c-809ece24d6e4,True
863b4974-84c5-4538-b112-fcbc270b1964,True
946ccea9-f76c-4393-bf2a-c630ca763258,True
a22f2290-ce94-47c5-948a-fed04c7ac25a,True
a6a92606-4a6a-4aea-9d93-e903be21c682,True
85c72a40-277a-4279-8290-459ed0284fe7,True
38151156-68c9-4e27-9001-743f7164729e,True
eb1bab18-cf41-4075-bfd1-cc22aed5f004,True
cd87910a-fa80-4aad-ac06-3520352d971c,True
592f3c5a-e5f4-4303-9b65-3f0b360d9449,True
f560033b-4488-4516-82ed-8a1bc34ff660,True
e0b3e491-65c8-4314-b947-598f6756a45d,True
bc066381-b5d0-489e-8d0c-4685d4d28e39,True
c4cf40f9-e14c-49cc-bb31-ec17a31c5f74,True
abaaebad-4b81-48b3-8a57-3142ad86a150,True
c47480e9-9c0f-4e04-96ae-5526cec9282f,True
f3a2f7e3-b8b9-4739-8585-91314bf023f3,True
a2d18f42-b373-4ac1-92f3-f7dc07d74fb3,True
61683d43-fb44-4c18-8858-7b6ba9b3967e,True
55bd8b32-fc6a-4684-8391-e8c95df11a42,True
aa33926d-eb87-400e-9cb8-a2f2d4943fc8,True
1b2e6b59-c0db-4222-a547-5c080a7a01ad,True
cf1aaad7-d352-4a9b-9152-92291b1a4efb,True
2c7439e7-af61-4bbc-abeb-98f787e66e5e,True
3fef5091-76c3-47ae-8f46-89b66906ff55,True
ef537c58-0f7b-4dfc-a4b9-8d9a0b789ac1,True
e1bf5bb8-6f9d-427e-8b8d-eb9744ae0ed8,True
ebe98761-828c-4a0b-a26e-47c0193ac26e,True
bb767341-c58d-45d9-a16b-ed59b32fc6b7,False
ee85eb9d-0180-427d-bab7-8555a93fbdaf,True
5a9c21d6-66b9-42e1-b5f3-509fcc52abf5,True
7dd1d692-082f-4fd4-a46e-598a07d56796,True
87c7a836-a6a1-44f1-bbcd-6fe8219a1986,True
2392c3ca-e7ef-4174-8250-bac599fdfe88,True
5323b300-032d-4370-b8d0-fd30734bec61,True
c8f206ef-cde6-4721-bd5b-bd6c7c932cb0,True
63456bbe-ff13-4e79-87a1-f51ce29b57b1,True
b1957ef8-0d70-4600-a1c1-9760724fa01e,True
17fb92b9-532d-442a-b52a-f40abd700fea,True
b39c4e8f-29f4-4bab-90d0-a85d833274ad,True
0dc7deec-5fcb-401d-966a-510a9e617da9,False
aa06f685-c88a-46ac-8bdf-3ff28b8ba8a0,True
47665e2d-e6a0-4d21-910a-c0d0d58a0b91,True
77c73334-f165-44a5-9d8d-486beffa4c62,True
2dd95964-ea46-4d71-842b-f0e8b78db31f,True
74599e89-0c30-494f-9fae-5c64d3ed64fe,True
e905fc10-9145-42fa-bd4e-ba582ef29989,True
b01c449c-2877-4c34-8d72-0db6ac1a3875,True
17d86fa4-a631-41e0-8ed0-f8b267f641ba,False
91391f0f-a879-45a2-b274-7cc21d786785,True
5f6ba79b-ba3a-467e-94c6-1be46dafdb35,True
1ff2f391-071b-4ab2-964b-2cc90a2f8ad4,True
b58fe9bb-8f42-4bc6-b00c-9327b5734e6e,True
fe89843d-c6b0-4b58-909f-c14cb45b289c,True
9dbfdedc-3e39-4b80-8045-0b5e6047bc80,True
463da19e-6d5b-4a82-80a1-998e2148f31c,True
16df19aa-b0aa-477b-bd14-a9b9ace71ff9,True
5e915c5b-5b73-4e0d-8587-a340891b8264,True
6683d77a-8568-4f74-a636-61b15ad1adde,True
2c335922-349b-499b-bd62-636ca5e89c73,True
f393510b-e01a-4e3c-a4ff-12e55d07c26c,True
a1985da8-b82d-43a1-b848-28ff22d44e09,True
0f8f52f2-1e01-4655-a8b4-32559b989c99,True
2a7e35fe-6ecc-4acc-9d00-60532bb6fbc2,True
ba516fd7-e2a1-44aa-9411-72ff8fd5fa35,True
a5f400bc-8eb2-45e1-8277-e15b5d2cd657,True
6023f85c-61d9-4adc-93a3-40235a27d8d7,True
2587378c-f8dd-4859-a1aa-e3f41aa687c2,True
183d708d-909a-4758-9cd4-0c6c13d55520,True
93a37eed-411a-4ebf-9fdb-4d62b65cc23b,True
9c1702de-3b91-49a2-aae5-35b9f0ef2dd5,True
d89621cd-ca2d-4119-af6a-9a84a35bda15,False
4ab679fb-0763-4752-8fef-9548a87386cb,True
aa56dfc8-ea88-44d4-aa60-e61082aa8a5f,True
76034df3-159b-4c75-b366-0177e3f33bde,True
86a1eec6-425c-465c-85df-4a477813c380,True
d768cbda-053d-45ad-a2d4-274bbeeef4c9,True
c3dbcb92-feb1-4480-9ddc-7103456fa92f,True
1bfc8b57-14e7-483d-bf47-8d2474972b63,True
f566ec72-18e0-4e7f-a490-b4367d35bbed,True
e06cbb40-c59d-4df6-be53-e23cfd1ccd5e,True
fcfa6a7c-c47d-4235-b189-d84aa5ccc3bf,True
e676f109-7dcd-4084-9d4e-d90dbf2f4344,True
f568cc14-ee14-4c0b-83bb-49e9dfbe43b9,True
d034a8ed-0198-4b64-9ff5-a5ce91b1c21e,True
0dcd92ae-4797-4815-957e-aff0e14ce831,True
469b1c1b-d225-41bd-866e-ed45302edab7,True
5509ff3c-308b-4710-8dd9-0c586f4e3086,True
4145cf12-5e4b-4ca8-97fa-25b54fdfcb4d,True
c80216da-8055-49fc-80f2-e766ac4d5a8d,True
eb7dfee6-e168-4438-bd0c-38924e2329e8,False
7b1009bd-5725-4149-a54e-78418b6dad35,True
5ba9876e-4813-4478-b896-3bb48d18b9b4,True
459ba505-505f-4344-b7a7-4afa3c672e59,True
8908066e-9a18-4940-a0b8-ed7d6c1fa5d8,False
b224b03e-e204-41f2-b8f3-454444060cad,True
ec9439c8-e339-41be-b5eb-f12afbc2add1,True
2cc82116-0e47-4bfb-9275-dc39b4411e22,True
43ef556e-1055-479e-93ea-c3e45d920490,True
a1f27d3d-16a6-4339-99f4-5505b1cb6807,True
a5c06958-e8d9-4a44-8d74-553f43079b7f,True
1c06b7e0-0841-4a97-9cd4-c5ce4d387d4f,True
bddcf6e7-5fac-4415-9360-677029f635c5,False
4add6a41-92dd-4ac0-914d-56036d0e9510,True
411b7269-da96-4da8-b403-5bfe5af983f7,True
67abd07e-c562-4162-9ccc-1efc96b7e6f6,True
b89fdb82-a763-4955-880e-c311403ba3aa,True
4ed3ef3c-cd7b-4634-8dd3-e48093888a10,True
90fa23c5-18ff-4146-b8e8-5bb00c9eab8a,False
b1752a37-fd79-471c-8ef8-e89efe3f18ce,True
df7369f7-1916-47b9-8ac1-16e8bc47ffd8,True
b5ced210-7366-4b71-8d91-e540558a533b,True
34fd2c3b-dbdb-463c-891c-6b8deb45e35f,True
330ade80-0224-41ea-9e2e-5be93cc21786,True
9e11588b-7f62-4eaa-ba36-640271b15766,True
e33b0050-8a80-43c7-bb95-c95af3999e68,True
d799db7f-0a2c-40dd-b657-0c5a6ae5690b,True
f27bf158-d557-43e2-b8f2-f17db07c02cf,True
20706198-36d0-4e29-85b7-36fc9ca1738b,True
8880ad3c-5fcc-4e0f-8d9d-a1189bacb2fe,True
a65c8dc5-0dd8-47ee-871c-1a3407724f7a,True
5f55cc17-4d2b-4306-9395-06315bbc8096,True
8afa37c4-1f3d-4c05-99b0-ca04329eda93,True
6d80b3f8-f09b-4aaf-8f98-a4e23f60dc72,False
68fb9c3a-847a-4092-bb34-a8df933c060b,True
cb97c662-6976-402d-86c2-2816d01b31cb,True
db63e4c5-e584-4992-9146-ce01bd3cde9f,True
c8416674-1c8c-4ec5-b9d0-df91d67d3a44,True
646a70a5-775d-47fa-a8cb-1477692cc915,True
213bf6c4-8d0d-4a71-b723-935dcc9fb89b,False
a7352214-c7ba-4694-81fb-c00ad4f5fb7a,True
517d6de0-ef43-477c-a499-2db34a7d1fbf,True
584f7e16-daa7-42ef-8cc5-a1ff930a41e9,True
21e02d0f-172d-40f7-ae6d-cc5171f95bae,True
5147050c-1804-4903-8cf5-8ca7a21423e2,True
3096957d-5450-4b2f-ab38-a2f9fa39b776,True
3b6fae74-916f-4b65-bebe-46c2dc154159,True
bbaacac5-b57d-43ba-ac8e-ec051fee54cd,True
e044bcfb-48df-4b6b-8ef9-76865f684eb4,True
6c5db00a-2969-4404-8005-b59a7bfe4309,True
496ac64b-3450-46f9-8b2f-23ae047454f8,True
4020be84-5e32-4470-85fb-4a3d16d91baf,True
0a4e78fd-1db0-48e0-9eeb-8d9f8eeda0e5,True
b96dbef4-08c0-4e92-9800-dc7100d5e6cf,True
13f7410e-00df-4e75-847b-46218c94d74c,True
fa8551c3-3225-46e9-88c0-5a142e88400d,True
d00d3c4f-a3ad-4164-93bf-5c9e999e6565,True
ae6cae2c-55c7-47da-9928-8349d1993d2b,True
960e325b-9e4d-4b8c-b64b-eaa2f00c33ca,False
ce6efdb8-f342-4b34-ba19-07a4cf0a94aa,True
9c08deab-ddbc-42d2-8ae7-e1bc4f45e256,True
7daca9ba-34fd-4ea0-9998-92ff4e9420e2,True
6c88a6bc-23aa-476a-aff8-370349b56bc7,True
582a61dc-d80b-4427-8109-0f21823e3ef6,True
5b543a7b-3977-4a61-b0c2-e25fc6afb011,True
b07cee77-57fe-4fa6-9a8c-65a62a7fff8c,True
7bb20cdd-3e7e-4351-b2b6-ad975b452efc,True
5fae6ff7-f898-438a-939a-bce5ce8af8cc,True
8ed95d69-b199-468b-a80e-7880cb221f64,True
a4faeb58-5e82-4970-92e8-238733837c54,True
6240376c-0b8b-49c7-bfa2-fa10c8991522,True
172036f5-bd1b-4b28-969a-978587cdef1c,True
bcce16dc-20be-4345-8832-b20135e2d027,True
699f611e-ecec-4356-ad79-5cd0162601d9,True
fb692a5d-0d45-4633-87fe-2a821af4d38c,True
6c2eaa63-feb0-4562-8dcc-f3644fcc7498,True
b24ebfcf-34e4-4fb2-87b8-517377baf778,True
b29751dc-1306-4ceb-b0fb-7501e3f46260,True
598e103b-660b-4a53-8ff3-7f33e1788165,True
476e643e-0a8a-44f9-beb5-372ec1af88a5,True
dce1cee0-62d9-42a7-b1de-1933e14f8f41,True
42906ef4-bf1d-4ed3-b5f7-54f63bd48be0,True
413af93b-45d7-492c-8ca2-5e67b1534f8e,True
47a054a6-70de-4488-a779-e41f7a3a6451,True
86eaf66b-b0f0-4728-8586-475113c6ca2a,True
8c807edd-faf0-4ca4-bd6e-2c0589f4e458,True
358ba05a-ff5c-432d-acfc-556dea0762c0,True
91f36d11-b37e-41c6-bcd7-665128a3908b,True
92164c23-428e-4a95-8dc8-5aca4975ac09,True
c2e9069d-bd07-4278-863e-81d1fa74326d,True
7aa4a270-f5c1-4f62-8549-796ed1cc388b,True
6865640c-7c28-483e-bab8-b70ba4881212,True
a60d4f0b-6dcb-4326-8438-eca129162075,True
f51d31a7-96d3-463f-8d20-5b02390289b4,True
00eb42cc-2d22-43be-a489-2ba73841f4b2,True
9ff077fb-5563-4e48-a208-c0207452cf6f,True
46d4e7c6-0029-4502-834b-2ac93621cce4,False
3ccaa523-ef6c-43c7-835b-953f4a2ac123,True
44c1bdf6-72be-4536-9aa4-c3bc7fb53a92,True
78482ac3-8a1e-4b18-8e4f-36d235828c3d,True
ed437664-8039-4393-b9c1-39bb89088b5e,True
48c40d8c-cb77-4f14-bbb0-63cb1fad89a6,True
565dfe82-e3fc-470a-abe0-c5d837aec8bd,True
1bb5bcc1-3143-4b76-987c-9e93726b33c1,True
de1a9313-613c-420e-909c-e2c578eb6a2b,True
77e0b950-cd8c-4ef5-81b4-8d762e23f449,True
7892660f-83d3-4036-8542-332fc07f0c19,True
41a0a016-b142-46b9-a6be-a77e1d7eb00d,True
1b30a08e-a373-4c1c-b187-0fde05c39cbb,True
a7ee1eca-990f-41ec-8392-b0e4c484733f,True
5f848ddf-b180-43ca-97a9-1344730e5543,True
7ab27abe-a0d6-46cf-9297-43bb1da707a1,False
b10557ba-3dbd-4761-9bbe-731286255fef,True
b625653e-765c-4317-b4dd-8effddebb670,True
9403fc43-a644-4a07-aa0a-a8ee8fab6437,True
c6bcc653-9763-4281-9fb0-c4b7be99b645,True
6cd9094e-08e3-4c51-a32e-b8ac29988b35,True
833453cc-abc4-4d82-9414-9cb641d52e8d,True
78a8f831-cb9e-4d51-be8f-d021dc39710f,True
f73e63c7-4f5d-45ec-a5de-d69275e2534f,True
38417ce1-7f3b-4d47-9698-0160753c37ea,True
7fff705b-54b7-4278-bc5a-6d6c521e9833,True
d1135354-8c92-4f6d-8564-e9b2a4debdb6,True
38b22493-8f9e-47f6-ba0f-1e6be4b118ce,True
3002ebd6-5e28-4776-bee8-c8833c3d2782,True
4f5f1976-511b-4372-afa5-90620637b669,True
38eaa6a6-912c-4ee9-9b2b-2ecd3582a5fc,True
d6bb5833-a2a6-48f1-8452-d0c3cf0153e8,True
3c8d2906-9f7c-459d-8b49-0420087d2905,True
0e376e09-1bf4-47c8-8cb5-eaf5d2824ae0,True
2b73b2db-a594-4968-9664-519cdf36e666,True
62bf5925-dd26-41f2-bed6-8b40ecc136db,True
cd3b3432-0a2c-4538-86dd-3fffee3387b6,True
e9c3b11b-ea81-47d5-bca4-e487edf64ee4,True
9e06940c-1296-40fe-a11f-a7c05a2395ea,True
6da31cc3-175c-4eeb-9929-1cd06b75686c,True
bbc6ebab-5e77-4d64-aa9e-7aa72e74eaae,False
bb91f479-0c45-4a7a-bfea-84f7022d1a5d,True
76b2dd14-9296-4b95-ad14-426dc83e4bf3,True
c3d1f005-c15a-40de-a104-1f38eccdc153,True
bb952b69-1e08-466c-8f93-f924415641fd,False
b6302fef-91f2-4ccb-88af-10a1d80810e6,True
c880bd91-e534-4e5c-982c-416c97012617,True
9fa57f63-3a8a-417f-afa5-075c1f757d5c,True
b7ce49fa-59e2-4bde-9edc-c0f64b593bde,True
d0a4f333-042c-4c35-892b-38bbffbfb2a5,True
14bc59fc-b723-4e34-93ea-a531dd70f939,True
997af5ed-b194-46d9-ad16-7034ebc210cc,True
d0bae93a-b9ab-4732-83f2-e12bbe9bfe91,True
1f727513-15c1-490b-9272-0faac3886f87,True
c8e2359e-5482-40a0-85ba-10c2b6eb54bc,True
57592cbc-a542-4094-be72-b2a18fa22ff3,True
90710668-a5b5-4e52-b7ff-80ba1c7065cd,True
84921417-2a1f-4dac-8a89-bbbce671e8ca,True
dbf26293-1d48-42e9-b484-4ae3dfafe9da,True
d196cc90-4f53-48bb-ba4d-3c7c8a561a7a,True
8f522946-6714-4ecc-a56b-194eb04d33c6,True
2bf075cd-0d8e-4c11-bc0e-cf1258121053,True
606cb3ac-3eb8-4240-a7de-8f4a45f9dd5b,True
5588fe17-716f-4bbb-ac99-fb24a76e5633,True
4bdc2c8b-f424-48ed-9d88-d337f35150ae,True
94b72054-6d4e-4ec8-a7b3-28636400b4fe,True
b4f66676-479e-4468-83e3-3488030d79b8,True
b15a7bdb-d637-4fe7-a4b5-33d0464cb321,False
eb90f08e-5f74-4696-9cf5-df5709c071f6,True
12f743d3-1fd9-4ea1-93be-9aef9477f3f3,True
bc397183-3889-47e8-a41c-c403d8284466,True
2938df2f-19d0-4a01-b26b-39c4d85d5a44,True
d993d88b-4373-47d0-aa5a-dcb2d20b3fa5,True
b326a736-1506-486a-a9c7-9b2be88ec24a,True
cf9dbf68-b7d4-48be-ba83-42b4ae8ffcbe,True
59733b58-78d4-4eb6-a24f-8bbb708c7d02,True
b3ef22b1-f904-4797-9c6b-bc20e7b1448b,True
57b4eb88-17d0-4e45-8f92-e0adef7fadfc,True
faf2326c-0c54-404d-9713-d20cab22a7e1,True
dda182a8-9593-4987-babe-9d8857803b8e,True
69ee84ac-d6ec-4adc-b538-7d75d55e8fc9,True
9e3872eb-560b-43ec-a1df-0426daa1196b,True
d8a0489b-00a3-44c6-907c-565256ed3747,True
d3196a45-0729-428e-8955-c911c212dc57,True
a22ae7be-e04f-45cb-916f-f204ff3c430d,True
2781c3d7-5f56-4cd6-bfb6-ce9afc55b7df,True
e48ae6b7-09d9-4740-8ec0-f0c948651ea2,True
b992e247-d326-4160-b06d-889ed0fb3686,True
270bf01d-47aa-4a0a-b596-7459c0801310,True
800e3e9a-b40f-401a-b611-520d908f16bf,True
4d0d3538-602b-4886-aa40-0078ddb31f06,True
797c9a6b-e973-4c70-af73-ff04e7acff03,False
0f3c464f-8172-4ea1-aad4-96f796101d13,True
f5a9b06d-71b8-41eb-b16b-622beff6e7d5,True
0eb6bc02-9599-4588-947e-d7a3ff29b17b,True
578c6960-0a02-43df-8c6e-1ef8da3bc3d6,True
fa7ebb95-93ca-4e8a-9bbc-8c229341ed26,True
294f6ee5-a9fc-460e-bd57-1e4847a18b34,True
cd075c01-69a7-429a-93dd-227adfd132b2,True
4e8ccbfc-d2bf-48fb-a8f7-31c32d3e8fd5,True
2fa5dd58-3cac-4f23-98e8-294971344528,True
450d539b-9aed-4f10-8f4f-729b844882d2,True
27ff7d53-5296-48da-95b1-60ad70d61166,True
121f9959-6573-4200-9ca8-663b36af9fd1,True
b6669695-9b97-4ef6-bcdf-f849684dbd5a,False
001b5a4f-f7b9-40b5-87fb-e61ba5b60df2,True
8f2a7cf4-e14c-49a9-81ae-d5982c71c6fc,True
93f786e4-7dab-47bc-852e-13252fce7675,False
077bb3a8-5778-478a-b4d7-154022962cc6,True
c163414a-1d5b-47ea-bdbd-c797a0cdc036,True
fe329470-2372-46b7-844b-785f54cbf0d4,True
429170a5-6de8-4574-9a59-3989e7c59e6f,False
d3677632-e982-4ee4-86b4-22c319a9b89a,True
0e9fef2c-2759-4e70-ba70-12d8010ed7dc,True
49d0b3ef-87b7-443a-b98b-06c22199b630,True
859a5460-6185-469b-8a52-f9ddab4453c4,True
1973037b-895b-4d29-b268-c8104ff38647,True
8116ef9e-a6ed-43dd-91a7-a1f0bea78623,True
8aeefeb9-0ea3-4d86-84fd-d0fa3f074789,False
e081841d-ec5b-4d7e-8fef-ca49b5f28d99,True
c82260e4-0e23-4bbf-a985-74a0aab35a26,True
7cbf3f0f-6b41-4c23-9eee-fed2dce65f45,True
